Epoch,Loss,Smoothed_Loss
1,0.8798940866334097,
2,0.8525919542993818,
3,0.8468886310713631,
4,0.8473272323608398,
5,0.8433655823980059,0.8540134973526001
6,0.8431840331213815,0.8466714866501944
7,0.8415039931024824,0.8444538944108145
8,0.838807041304452,0.8428375764574323
9,0.8406585489000593,0.8415038397652763
10,0.8377869204112461,0.8403881073679245
11,0.8352422853878566,0.8387997578212193
12,0.8369440225192478,0.8378877637045723
13,0.8389314470972333,0.8379126448631287
14,0.839026334285736,0.837586201940264
15,0.8345771653311593,0.8369442509242467
16,0.8350442579814366,0.8369046454429627
17,0.836501315661839,0.8368161040714809
18,0.8362039300373623,0.8362706006595068
19,0.8347462214742388,0.8354145780972073
20,0.8325855731964111,0.8350162596702576
21,0.8347051807812282,0.834948444230216
22,0.8310261021341596,0.8338534015246801
23,0.8402937841415405,0.8346713723455157
24,0.8292567188399179,0.8335734718186516
25,0.832527951513018,0.8335619474819729
26,0.8308984381811959,0.8328005989619665
27,0.8305546995571681,0.8327063184465681
28,0.831720574242728,0.8309916764668056
29,0.8309806650025504,0.8313364656993321
30,0.8296066876820155,0.8307522129331316
31,0.8312857212339129,0.8308296695436751
32,0.8278693120820182,0.830292592048645
33,0.8263874408176967,0.8292259653636388
34,0.8301553235735212,0.829060897077833
35,0.8289122537204198,0.8289220102855137
36,0.8277406150954111,0.8282129890578134
37,0.8280691538538252,0.8282529574121749
38,0.8298098942211696,0.8289374480928694
39,0.8288678482600621,0.8286799530301776
40,0.8280401263918196,0.8285055275644575
41,0.8262436928067889,0.8282061431067331
42,0.826064362185342,0.8278051847730364
43,0.8263656071254185,0.8271163273538862
44,0.829496875490461,0.827242132799966
45,0.8269056064741952,0.8270152288164412
46,0.8280687042645045,0.8273802311079843
47,0.8264012214115688,0.8274476029532297
48,0.8262274268695287,0.8274199669020517
49,0.8242082902363368,0.8263622498512269
50,0.8295534859384809,0.826891825744084
51,0.8201073292323521,0.8252995507376535
52,0.8219178945677621,0.8244028853688921
53,0.821334810938154,0.8234243621826173
54,0.8282556125095912,0.8242338266372681
55,0.8230704259872437,0.8229372146470206
56,0.8244898826735361,0.8238137253352575
57,0.8230214415277753,0.8240344347272601
58,0.8216703949655806,0.8241015515327454
59,0.8236230414254325,0.8231750373159137
60,0.8296152411188398,0.8244840003422329
61,0.8205314697538103,0.8236923177582878
62,0.8228847541127886,0.8236649802752904
63,0.8217246665273394,0.8236758345876423
64,0.8202729541914804,0.8230058171408517
65,0.8230894786970956,0.8217006646565028
66,0.8221008232661656,0.8220145353589741
67,0.8224266375814165,0.8219229120526996
68,0.8228201297351292,0.8221420046942576
69,0.8245671108790806,0.8230008360317775
70,0.8204612932886396,0.8224751989500864
71,0.8195845474515643,0.8219719437871661
72,0.8225646271024432,0.8219995416913715
73,0.8210053164618356,0.8216365790367128
74,0.824716808455331,0.8216665185519629
75,0.8229396860940116,0.8221621971130373
76,0.8195817794118608,0.8221616435050965
77,0.8186386663573129,0.8213764513560704
78,0.8210857575280326,0.8213925395693099
79,0.8204693651199341,0.8205430509022305
80,0.8195743152073451,0.8198699767248973
81,0.8181764606067112,0.8195889129638672
82,0.8197976156643458,0.819820702825274
83,0.8184075600760323,0.8192850633348738
84,0.818482722895486,0.8188877348899841
85,0.8191247572217669,0.8187978232928684
86,0.8210026880672999,0.8193630687849862
87,0.8235224686350141,0.8201080393791198
88,0.8224843893732343,0.8209234052385602
89,0.8171506224359785,0.8206569851466587
90,0.8197697946003505,0.8207859926223755
91,0.8191383075714112,0.8204131165231978
92,0.8179404367719377,0.8192967101505826
93,0.8184478092193603,0.8184893941198077
94,0.8221595920835223,0.8194911880493164
95,0.8165015510150364,0.8188375393322536
96,0.8158171653747559,0.8181733108929226
97,0.818211030960083,0.8182274297305516
98,0.8183707291739327,0.8182120137214661
99,0.8138205661092486,0.8165442085266114
100,0.8227496760232108,0.8177938335282462
101,0.8166913631984166,0.8179686730929784
102,0.817692676952907,0.8178650022915431
103,0.8135154506138392,0.8168939465795245
104,0.8154031082562038,0.8172104550089154
105,0.8141682842799596,0.8154941766602654
106,0.816769540309906,0.8155098120825632
107,0.8168987192426409,0.8153510205405099
108,0.8197381683758327,0.8165955640929086
109,0.8223288341930934,0.8179807092802865
110,0.8152455268587385,0.8181961577960424
111,0.8180336012159075,0.8184489699772426
112,0.8185846785136631,0.818786161831447
113,0.8175750694956099,0.8183535420554024
114,0.8185912152699062,0.817606018270765
115,0.8153102033478873,0.8176189535685949
116,0.8167329243251256,0.8173588181904385
117,0.8165381363459996,0.8169495097569057
118,0.8197001525333949,0.8173745263644627
119,0.8130741943631853,0.8162711221831186
120,0.8124229679788862,0.8156936751093185
121,0.8153945984159197,0.8154260099274773
122,0.8141155239513942,0.8149414874485561
123,0.815577643598829,0.814116985661643
124,0.8171783157757351,0.8149378099441529
125,0.8156417771748135,0.8155815717833383
126,0.8171757973943438,0.8159378115790231
127,0.815169791834695,0.8161486651556833
128,0.8138358562333243,0.8158003076825824
129,0.8165568658283778,0.8156760176931109
130,0.8179439762660435,0.8161364575113569
131,0.8135493033272879,0.8154111586979457
132,0.8146572841916766,0.815308657169342
133,0.816005551474435,0.8157425962175642
134,0.8110657586370196,0.8146443747792925
135,0.8156373579161508,0.814183051109314
136,0.8151688126155309,0.8145069529669626
137,0.8147003269195556,0.8145155615125385
138,0.8144135744231088,0.8141971661022732
139,0.817519018309457,0.8154878180367607
140,0.8133930253982544,0.8150389515331815
141,0.8122504918915885,0.814455287388393
142,0.8142622808047704,0.8143676781654359
143,0.8135612164224897,0.814197206565312
144,0.8168374592917306,0.8140608947617668
145,0.8114547572817121,0.8136732411384583
146,0.8141358566284179,0.8140503140858242
147,0.8106508227757045,0.813328022480011
148,0.8137043190002441,0.8133566429955619
149,0.8136512620108468,0.8127194035393852
150,0.8147197587149484,0.8133724038260325
151,0.8128795685086931,0.8131211462020875
152,0.8109432448659625,0.8131796306201391
153,0.8134221700259617,0.8131232008252826
154,0.8146820841516768,0.8133293652534486
155,0.8136941977909633,0.8131242530686515
156,0.8091252422332764,0.8123733878135682
157,0.8113171008655004,0.8124481590134758
158,0.8162827818734305,0.8130202813829694
159,0.8110890705244882,0.8123016786575318
160,0.8114358530725752,0.8118500097138541
161,0.8167575342314584,0.8133764681134905
162,0.813610873222351,0.8138352225848607
163,0.8141851493290493,0.8134156960759844
164,0.8135071843011039,0.8138993188313075
165,0.8139464136532375,0.81440143094744
166,0.8111234474182129,0.8132746135847909
167,0.8149557876586914,0.8135435964720591
168,0.8128428445543562,0.8132751355171204
169,0.8120998093060084,0.8129936605181013
170,0.8096015998295375,0.8121246977533613
171,0.8118710391862052,0.8122742161069598
172,0.8105144432612827,0.8113859472274779
173,0.8122107229913984,0.8112595229148865
174,0.8094477803366524,0.8107291171210153
175,0.8123207865442549,0.8112729544639588
176,0.8135806815964836,0.8116148829460145
177,0.8126836109161377,0.8120487164769855
178,0.8120576017243522,0.8120180922235762
179,0.815709319455283,0.8132704000473023
180,0.8117635522569929,0.81315895318985
181,0.8134079841205052,0.8131244136946543
182,0.811745571749551,0.8129368058613369
183,0.8131624521527971,0.8131577759470259
184,0.8097478740555899,0.8119654868670871
185,0.812248513017382,0.8120624790191651
186,0.8115338533265251,0.8116876528603691
187,0.8109902712277004,0.811536592755999
188,0.8153553019251142,0.8119751627104623
189,0.8123382966859,0.8124932472365244
190,0.8109065314701626,0.8122248509270804
191,0.8115640333720616,0.8122308869361878
192,0.8103326657840184,0.8120993658474513
193,0.8110349988937378,0.811235305241176
194,0.8127445643288749,0.8113165587697712
195,0.8106515843527657,0.8112655693462917
196,0.8141531273296901,0.8117833881378175
197,0.8093853415761675,0.8115939232962472
198,0.8111676686150687,0.8116204572405135
199,0.8122111524854387,0.8115137748718262
200,0.8108625187192644,0.811555961745126
201,0.8087404458863394,0.8104734254564557
202,0.8095973491668701,0.8105158269745963
203,0.8088121710504804,0.8100447274616787
204,0.8094705503327506,0.8094966070311411
205,0.8111383247375489,0.8095517682347979
206,0.8148155532564436,0.8107667897088188
207,0.812025956426348,0.8112525111607144
208,0.8110683349200657,0.8117037439346315
209,0.8095972551618303,0.8117290849004474
210,0.8092031165531703,0.8113420432635716
211,0.8139841164861407,0.8111757559095111
212,0.8116828107833862,0.8111071267809187
213,0.810010541847774,0.8108955681664602
214,0.8111961691720145,0.8112153509684972
215,0.8127890280314854,0.8119325332641602
216,0.8111765275682722,0.8113710154805864
217,0.8124383960451399,0.8115221325329371
218,0.8127824773107256,0.8120765196255276
219,0.8107100316456386,0.8119792921202524
220,0.8081590720585414,0.8110533009256636
221,0.8093965796061925,0.8106973113332476
222,0.8098508497646877,0.8101798020771572
223,0.8120998614174979,0.8100432788985117
224,0.8075116654804775,0.8094036056654794
225,0.812850091116769,0.810341809477125
226,0.8093035970415388,0.8103232129641942
227,0.8097173857688904,0.8102965201650348
228,0.8075473230225699,0.8093860124860491
229,0.8088760791506087,0.8096588952200754
230,0.8085045787266323,0.808789792742048
231,0.8095632631438119,0.8088417259625027
232,0.8123595952987671,0.809370167868478
233,0.8103516278948103,0.8099310288429261
234,0.8073140624591283,0.80961862550463
235,0.8099995296342032,0.8099176156861443
236,0.8089589977264404,0.80979676260267
237,0.8088662467684065,0.8090980928965978
238,0.809491970539093,0.8089261614254544
239,0.8099776254381452,0.8094588740212577
240,0.8093313206945146,0.80932523223332
241,0.8063020549501692,0.8087938436780657
242,0.8059591266087124,0.8082124196461269
243,0.8109447186333792,0.8085029692649841
244,0.8101973761831011,0.8085469194139753
245,0.8098380483899797,0.8086482649530683
246,0.8059355531420026,0.808574964591435
247,0.8080157382147652,0.8089862869126455
248,0.8113121928487506,0.8090597817557198
249,0.8094992164203099,0.8089201498031615
250,0.8119753405026027,0.8093476082256862
251,0.8101836139815194,0.8101972203935895
252,0.8106118978772845,0.8107164523260935
253,0.807894709450858,0.810032955646515
254,0.810083349772862,0.8101497823170254
255,0.8065973598616464,0.8090741861888342
256,0.8077029705047607,0.8085780574934823
257,0.8101624791962759,0.8084881737572807
258,0.8083326063837324,0.8085757531438555
259,0.8092713386671884,0.8084133509227208
260,0.8124291563034057,0.8095797102110727
261,0.8076422466550555,0.8095675654411316
262,0.8056234332493374,0.8086597562517439
263,0.8096090255464826,0.8089150400842939
264,0.8071001403672354,0.8084808004243034
265,0.808194112437112,0.8076337916510447
266,0.8063720171792167,0.8073797457558769
267,0.8089892826761518,0.8080529156412398
268,0.8079383257457188,0.8077187756810871
269,0.8072396980013166,0.8077466872079033
270,0.808262346131461,0.8077603339467729
271,0.8104879552977425,0.8085835215704782
272,0.8077089892114911,0.808327462877546
273,0.8091108403887067,0.8085619658061436
274,0.8070677529062543,0.8085275767871312
275,0.8079885874475752,0.808472825050354
276,0.8084784153529576,0.808070917061397
277,0.8087527367046902,0.8082796665600369
278,0.8071635021482195,0.8078901989119394
279,0.8065552565029689,0.8077876996312823
280,0.805846323626382,0.8073592468670436
281,0.8063352925436837,0.8069306223051889
282,0.8044232627323695,0.8060647275107248
283,0.8062523252623421,0.8058824921335492
284,0.8070742688860212,0.8059862946101597
285,0.8050892724309648,0.8058348843710763
286,0.8062493750027248,0.8058177008628845
287,0.80705201285226,0.8063434508868627
288,0.8030876163073949,0.8057105090958732
289,0.8084540465899877,0.8059864646366665
290,0.8093086947713579,0.8068303491047452
291,0.806411258833749,0.80686272587095
292,0.8069067052432469,0.8068336643491474
293,0.8095608520507812,0.8081283114978246
294,0.8062023663520813,0.8076779754502433
295,0.8075846321242196,0.8073331629208157
296,0.8086975560869489,0.8077904223714557
297,0.8091124657222203,0.8082315744672504
298,0.8090568722997393,0.808130778517042
299,0.808243373462132,0.8085389799390521
300,0.8080187242371696,0.8086257983616421
301,0.8087249980654035,0.808631286757333
302,0.8037857096535819,0.8075659355436053
303,0.8098940552983965,0.8077333721433368
304,0.8091603517532349,0.8079167678015573
305,0.8077332936014447,0.8078596816744124
306,0.8090248966217041,0.8079196613856724
307,0.8038658196585519,0.8079356833866664
308,0.8100979045459202,0.8079764532361711
309,0.8044194500786918,0.8070282729012626
310,0.8081507733889989,0.8071117688587734
311,0.8065996214321681,0.8066267138208663
312,0.8083719270569938,0.8075279353005547
313,0.8048437070846558,0.8064770958083017
314,0.8078147333008903,0.8071561524527415
315,0.8094118581499372,0.8074083694049291
316,0.805044537952968,0.8070973527090891
317,0.8078889509609767,0.8070007574898856
318,0.8049038985797338,0.8070127957889013
319,0.805592873437064,0.8065684238161359
320,0.804360157421657,0.8055580836704799
321,0.8064161167825972,0.8058323994364058
322,0.8082949052538191,0.8059135902949742
323,0.8059350769860404,0.8061198259762357
324,0.8066313927514213,0.806327529839107
325,0.8035677559035165,0.8061690495354789
326,0.8069149541854859,0.8062688170160566
327,0.8067939284869603,0.8059686216626848
328,0.8049303671291896,0.8057676796913147
329,0.8069528818130494,0.8058319775036403
330,0.8060110105787005,0.8063206284386771
331,0.804095961025783,0.8057568298067366
332,0.8035462420327323,0.805107292515891
333,0.8036674867357526,0.8048547164372035
334,0.8055087188311986,0.8045658838408335
335,0.8050008174351283,0.8043638452121189
336,0.80820271389825,0.8051851957866124
337,0.8092605403491429,0.8063280554498944
338,0.8096356252261571,0.8075216831479755
339,0.8035455124718802,0.8071290418761118
340,0.8085616523878915,0.8078412088666643
341,0.8029916065079825,0.8067989873886108
342,0.8049282533781869,0.8059325299944197
343,0.8038596773147583,0.8047773404121399
344,0.8049316675322397,0.8050545714242119
345,0.8059587948662894,0.8045339999198914
346,0.807795228617532,0.8054947243418014
347,0.8064004955972944,0.8057891727856228
348,0.8084985998698643,0.8067169572966442
349,0.8054941378320967,0.8068294513566154
350,0.8061731883457729,0.8068723300525121
351,0.8071884884153093,0.8067509820120675
352,0.8056340742111207,0.8065976977348328
353,0.8073044453348432,0.8063588668278285
354,0.8044039310727801,0.8061408254759652
355,0.8044850546973092,0.8058031987462726
356,0.8020579304013934,0.8047770871434894
357,0.8082471363885062,0.8052996995789665
358,0.8051678092139107,0.80487237235478
359,0.8046506091526576,0.8049217079707556
360,0.8093633651733398,0.8058973700659617
361,0.8042498527254377,0.8063357545307706
362,0.8079143166542053,0.8062691905839103
363,0.8023003550938198,0.8056956997598921
364,0.8049387659345354,0.8057533311162677
365,0.8064738140787397,0.8051754208973476
366,0.8067479382242475,0.8056750379971096
367,0.8034634157589504,0.8047848578180586
368,0.8059472118105208,0.8055142291613988
369,0.8050516772270203,0.8055368114198959
370,0.8062759378978185,0.8054972361837116
371,0.8015329238346645,0.804454233305795
372,0.8075400032315936,0.8052695508003236
373,0.8036090452330453,0.8048019174848285
374,0.8045553357260568,0.8047026491846359
375,0.8039846675736564,0.8042443951198033
376,0.8046162397520883,0.8048610583032881
377,0.8052949673788888,0.8044120511327473
378,0.8044222286769322,0.8045746878215245
379,0.8043984236036028,0.8045433053970338
380,0.8062498944146292,0.8049963507652282
381,0.8048928965841021,0.8050516821316311
382,0.8056865613801139,0.8051300009318761
383,0.8010849380493164,0.8044625428063529
384,0.8018705936840602,0.8039569768224444
385,0.8013543908936637,0.8029778761182513
386,0.8031965163775853,0.8026386000769479
387,0.8060248848370143,0.8027062647683281
388,0.8060648506028312,0.803702247279031
389,0.8051501403536115,0.8043581566129413
390,0.8049325558117458,0.8050737895965576
391,0.8014283810343061,0.8047201625279019
392,0.8050502620424543,0.8045252379689899
393,0.8055396338871547,0.8044201946258545
394,0.8084648837362017,0.8050831433023726
395,0.8070398599760873,0.8055046041352409
396,0.80224705185209,0.8056683382987977
397,0.8042261215618679,0.8055035102026804
398,0.8062140502248492,0.8056383934702194
399,0.8030086667197092,0.8045471500669208
400,0.806985102721623,0.8045361986160279
401,0.8068759005410331,0.8054619683538166
402,0.8004894263403757,0.804714629309518
403,0.8036365512439183,0.804199129513332
404,0.8070670230048044,0.8050108007703508
405,0.8057174519130161,0.8047572706086294
406,0.8010598094122751,0.803594052382878
407,0.8052886193139213,0.804553890977587
408,0.8041222058023725,0.804651021889278
409,0.8029023705210004,0.803818091392517
410,0.8023522935594831,0.8031450597218106
411,0.8021214100292751,0.8033573798452105
412,0.8037274500301906,0.8030451459884644
413,0.8014790000234331,0.8025165048326766
414,0.8030304380825588,0.8025421183449882
415,0.8042310680661883,0.8029178732463292
416,0.8037651572908674,0.8032466226986477
417,0.8023977810995919,0.8029806889125279
418,0.8039898480687823,0.8034828585215978
419,0.8047812134878976,0.8038330136026655
420,0.803382019996643,0.8036632039887565
421,0.8003312505994524,0.8029764226504735
422,0.8057339382171631,0.8036436540739877
423,0.8059492288317,0.8040355302265713
424,0.8049162588800702,0.8040625393050057
425,0.8007475869996207,0.8035356527056012
426,0.805550228187016,0.8045794482231139
427,0.8041340030942644,0.8042594611985343
428,0.8014218728882926,0.8033539900098529
429,0.8008855836732047,0.8025478549684798
430,0.8018538641929627,0.8027691104071482
431,0.8037618701798576,0.8024114388057165
432,0.8053084761755807,0.8026463334219798
433,0.8048999037061418,0.8033419395855497
434,0.8040887692996433,0.8039825767108373
435,0.8026537319592068,0.8041425502640861
436,0.8016951860700334,0.8037292134421212
437,0.8048899980953762,0.8036455178260803
438,0.803169401373182,0.8032994173594884
439,0.8032071845872062,0.803123100417001
440,0.801523037637983,0.8028969615527564
441,0.8043855588776725,0.8034350361142841
442,0.8050664728028434,0.8034703310557775
443,0.8025479483604431,0.8033460404532297
444,0.8020989646230425,0.8031243964603969
445,0.7998545292445591,0.8027906947817122
446,0.803597708770207,0.802633124760219
447,0.8017287853785924,0.8019655872753688
448,0.8032113896097456,0.8020982755252293
449,0.8075294096129281,0.8031843645232064
450,0.8066276727403914,0.8045389932223729
451,0.7997293445042202,0.8037653203691756
452,0.8010111747469221,0.8036217982428416
453,0.8065557074546814,0.8042906618118287
454,0.803995452608381,0.8035838704109193
455,0.8007013664926801,0.8023986091613771
456,0.8012949432645525,0.8027117289134434
457,0.8000366456168039,0.8025168230874198
458,0.8063017303603036,0.8024660276685444
459,0.8014281473840986,0.8019525666236877
460,0.8013002215112959,0.8020723376274109
461,0.8054702476092748,0.8029073984963555
462,0.8035887285641261,0.80361781508582
463,0.7991526089395795,0.802187990801675
464,0.8038025133950369,0.8026628640038628
465,0.7999698240416391,0.8023967845099313
466,0.8037973754746573,0.8020622100830079
467,0.8035721298626491,0.8020588903427125
468,0.8033822553498404,0.8029048196247647
469,0.8047099706104823,0.8030863110678537
470,0.7987650145803179,0.8028453491755896
471,0.8014962128230504,0.802385116645268
472,0.8001918813160488,0.8017090669359481
473,0.803347635609763,0.8017021429879325
474,0.8049205487115042,0.8017442586081369
475,0.8025779114450727,0.8025068379810878
476,0.8015701481274196,0.8025216250419617
477,0.8009571078845433,0.8026746703556605
478,0.7991136567933219,0.8018278745923724
479,0.8017943559374128,0.8012026360375542
480,0.8006237585203988,0.8008118054526194
481,0.8033966159820557,0.8011770990235467
482,0.80149833883558,0.8012853452137538
483,0.8014163678033012,0.8017458874157497
484,0.7996455873761859,0.8013161337035043
485,0.8042817616462707,0.8020477343286787
486,0.8006755532537188,0.8015035217830113
487,0.8023828571183341,0.8016804254395622
488,0.8009477250916617,0.8015866968972343
489,0.8038668840272086,0.8024309562274388
490,0.8037266550745283,0.8023199349130903
491,0.8055208614894322,0.803288996560233
492,0.8016050856454032,0.8031334422656469
493,0.7992160732405527,0.8027871118954251
494,0.8023077273368835,0.8024752805573601
495,0.8065199950763158,0.8030339485577175
496,0.802378557750157,0.8024054878098624
497,0.7998984323229108,0.8020641571453639
498,0.8001167896815709,0.8022443004335675
499,0.8018256885664804,0.8021478926794869
500,0.8050885530880519,0.8018616042818342
501,0.7977976298332214,0.800945418698447
502,0.8021197342872619,0.8013896790913173
503,0.8037689433779035,0.8021201098305839
504,0.7997803132874625,0.8017110347747802
505,0.8021334815025329,0.8011200204576765
506,0.80111186674663,0.8017828678403582
507,0.8008687165805272,0.8015326642990113
508,0.803793442589896,0.8015375641414099
509,0.8005133257593428,0.8016841666357859
510,0.8016946833474295,0.8015964070047652
511,0.8046922169412886,0.8023124770436969
512,0.8019878288677761,0.8025362995011467
513,0.7993478124482291,0.8016471734728132
514,0.8051536052567618,0.8025752293722971
515,0.7997973993846348,0.8021957725797381
516,0.8015606042316982,0.80156945003782
517,0.8040674451419285,0.8019853732926505
518,0.8008203904969352,0.8022798889023918
519,0.8005217943872724,0.8013535267284939
520,0.7992996311187744,0.8012539730753218
521,0.803768139226096,0.8016954800742013
522,0.800546133858817,0.8009912178175791
523,0.8009100277083261,0.8010091452598573
524,0.8002232732091631,0.8009494410242353
525,0.8024548636163984,0.8015804875237602
526,0.8001175039155143,0.8008503604616439
527,0.799544357572283,0.8006500052043372
528,0.7971227369989667,0.7998925470624653
529,0.799116565159389,0.7996712054525104
530,0.8015604533467974,0.7994923233985901
531,0.802724016053336,0.8000136258261544
532,0.8002890678814479,0.8001625678879875
533,0.7992407815796988,0.8005861768041338
534,0.7998127845355443,0.8007254206793648
535,0.8044853118487767,0.8013103923797608
536,0.8028629340444292,0.8013381759779794
537,0.8055956877980913,0.8023994999613081
538,0.8046549943515232,0.803482342515673
539,0.801029155254364,0.803725616659437
540,0.8029872863633292,0.8034260115623475
541,0.7979677775927952,0.8024469802720207
542,0.7983690111977714,0.8010016449519567
543,0.7995053236825126,0.7999717108181545
544,0.7966121830259051,0.7990883163724627
545,0.8031161185673305,0.799114082813263
546,0.800739004952567,0.7996683282852174
547,0.7972747084072658,0.7994494677271161
548,0.799818935734885,0.7995121901375907
549,0.7999524865831648,0.8001802508490427
550,0.8021580229486738,0.7999886317253113
551,0.8031355891908918,0.8004679485729762
552,0.7998814463615418,0.8009892961638314
553,0.799354773248945,0.8008964636666434
554,0.8007083003861564,0.8010476264272418
555,0.7971797602517264,0.8000519738878523
556,0.7998589376040868,0.7993966435704913
557,0.8026932896886553,0.7999590122359139
558,0.8020422983169556,0.8004965172495162
559,0.7978997928755623,0.7999348157473973
560,0.8063869452476502,0.8017762527465822
561,0.7965207798140389,0.8011086211885724
562,0.8015224140030998,0.8008744460514614
563,0.7981192006383624,0.8000898265157428
564,0.8005031013488769,0.8006104882104057
565,0.7999520707130432,0.7993235133034843
566,0.7996366507666451,0.7999466874940055
567,0.8040820980072021,0.8004586242948261
568,0.8013281086512974,0.801100405897413
569,0.7987501410075596,0.8007498138291496
570,0.7998237211363656,0.8007241439138141
571,0.8010569970948356,0.8010082131794521
572,0.7991653411728995,0.8000248618125916
573,0.7976740220614842,0.7992940444946289
574,0.7976387422425406,0.7990717647416251
575,0.7976340293884278,0.7986338263920375
576,0.8005644696099418,0.7985353208950587
577,0.7997782441547939,0.7986579014914377
578,0.7987472789628165,0.7988725528717041
579,0.799377543926239,0.7992203132084438
580,0.7979328669820513,0.7992800807271685
581,0.7984004122870308,0.7988472692625863
582,0.8001406226839338,0.7989197449684142
583,0.8020951884133475,0.7995893268585206
584,0.8006540931974139,0.7998446367127554
585,0.800276323046003,0.8003133279255459
586,0.7950366238185338,0.7996405702318465
587,0.7993742680549621,0.799487299306052
588,0.7987291639191764,0.7988140944072178
589,0.8027016060692923,0.7992235969815935
590,0.7989107172829765,0.7989504758289883
591,0.8029451016017369,0.8005321713856289
592,0.8010946130752563,0.8008762403896876
593,0.79913925579616,0.8009582587650844
594,0.8009537880761283,0.8006086951664517
595,0.8014128306933812,0.8011091178485326
596,0.8007559745652335,0.8006712924412319
597,0.7981629998343331,0.8000849697930472
598,0.8023007784570967,0.8007172743252347
599,0.8003122404643468,0.8005889648028783
600,0.7998760904584612,0.8002816167558944
601,0.7997695405142647,0.8000843299457006
602,0.797475483758109,0.7999468267304557
603,0.8000707125663757,0.7995008135523115
604,0.8007911317689078,0.7995965918132237
605,0.8004583024978638,0.7997130342211043
606,0.8008860029493059,0.7999363267081124
607,0.7990179293496268,0.800244815826416
608,0.8001967133794512,0.8002700159890311
609,0.8017380847249712,0.8004594065802438
610,0.7994681167602539,0.8002613694327219
611,0.7982064580917358,0.7997254604612078
612,0.8020164476122175,0.800325164113726
613,0.7985525819233485,0.7999963378225055
614,0.7984256035940988,0.799333841596331
615,0.7992907745497567,0.7992983731542316
616,0.7992137735230582,0.799499836240496
617,0.8030256608554295,0.7997016788891385
618,0.7987913475717817,0.7997494320188251
619,0.7988423378126962,0.7998327788625446
620,0.7995990119661603,0.7998944263458253
621,0.7990351850645883,0.7998587086541312
622,0.7998278076308114,0.7992191380092076
623,0.8013711234501429,0.7997350931848799
624,0.7992935034206935,0.7998253263064794
625,0.801965675013406,0.8002986589159284
626,0.8004038194247655,0.8005723857879639
627,0.8003428888320923,0.8006754020282201
628,0.7987824964523316,0.8001576766286578
629,0.7991155729975019,0.8001220905440195
630,0.8009323201860701,0.7999154195785523
631,0.8016113560540336,0.800156926904406
632,0.799714093548911,0.8000311678477696
633,0.8016406410081046,0.8006027967589242
634,0.7983326373781476,0.8004462096350535
635,0.7963963365554809,0.7995390129089356
636,0.797606361252921,0.7987380139487131
637,0.7961694369997298,0.7980290826388768
638,0.7959721956934248,0.7968953935759409
639,0.79683942931039,0.7965967519623893
640,0.801522147655487,0.7976219141823906
641,0.8040042185783386,0.7989014856474741
642,0.7957033276557922,0.7988082637786866
643,0.7977886312348502,0.7991715508869717
644,0.8001879705701556,0.7998412591389248
645,0.7983801075390407,0.7992128511156356
646,0.798686853476933,0.7981493780953544
647,0.7996869305201939,0.7989460986682346
648,0.7948367377689907,0.7983557199750628
649,0.8004733446666172,0.7984127947943552
650,0.7976020308903286,0.7982571794646127
651,0.7989459725788661,0.7983090032849993
652,0.8005800202914647,0.7984876212392535
653,0.7994966541017805,0.7994196045058115
654,0.8016229493277414,0.7996495254380364
655,0.7989270574705941,0.7999145307540895
656,0.7964313452584403,0.7994116052900043
657,0.7971694527353559,0.7987294917787826
658,0.7975253796577454,0.7983352368899754
659,0.797774521623339,0.797565551349095
660,0.797397528716496,0.7972596455982754
661,0.8015005952971322,0.7982734956060138
662,0.7987433852468218,0.7985882821083069
663,0.7999830208505903,0.7990798103468759
664,0.8003038065774101,0.7995856673376902
665,0.7996295608792986,0.8000320737702505
666,0.7981169639314925,0.7993553474971227
667,0.798403126512255,0.7992872957502093
668,0.8014874424253191,0.7995881800651551
669,0.7985056560380118,0.7992285499572755
670,0.8000653992380414,0.799315717629024
671,0.7988265367916653,0.7994576322010586
672,0.7981642181532723,0.799409850529262
673,0.7976378178596497,0.7986399256161282
674,0.7985246774128505,0.7986437298910959
675,0.7988964438438415,0.798409938812256
676,0.7981410363742284,0.7982728387287686
677,0.7988733356339591,0.798414662224906
678,0.7972640306609018,0.7983399047851564
679,0.7997021889686584,0.7985754070963179
680,0.8006337199892316,0.7989228623253959
681,0.7988759735652379,0.7990698497635979
682,0.8009652914319719,0.7994882409232004
683,0.798390622820173,0.7997135593550546
684,0.8016867886270795,0.8001104792867388
685,0.7958206847735814,0.7991478722436088
686,0.7971413036755153,0.7988009382656643
687,0.8024716486249651,0.7991022097042629
688,0.7930515156473432,0.798034388269697
689,0.7965065472466605,0.7969983399936131
690,0.7999520673070635,0.7978246165003096
691,0.7981462533133371,0.7980256064278739
692,0.7977211458342416,0.7970755058697292
693,0.7993030766078404,0.7983258180618287
694,0.7970418909617832,0.7984328868048532
695,0.7969146258490426,0.797825398513249
696,0.8026394735063825,0.7987240425518581
697,0.798700886453901,0.79891999067579
698,0.8004016525404793,0.7991397058623179
699,0.8015273056711469,0.8000367888041906
700,0.7962010894502912,0.7998940815244403
701,0.8000223731994629,0.7993706614630562
702,0.7936877894401551,0.7983680420603072
703,0.80213917357581,0.7987155462673732
704,0.8025748252868652,0.798925050190517
705,0.8009453518050057,0.7998739026614599
706,0.7988277925763811,0.7996349865368435
707,0.79591392993927,0.8000802146366666
708,0.7998028792653765,0.7996129557745798
709,0.7970896308762686,0.7985159168924605
710,0.8008046116147722,0.7984877688544137
711,0.7990861088888985,0.7985394321169172
712,0.7983867573738098,0.7990339976038252
713,0.7986097972733633,0.7987953812054226
714,0.8010082030296326,0.7995790956360954
715,0.7987060226712908,0.7991593778473991
716,0.8007607279505049,0.7994943016597202
717,0.7977344788823809,0.7993638459614346
718,0.7980064238820758,0.7992431712831771
719,0.8001709457806179,0.7990757198333741
720,0.8022248278345381,0.7997794808660235
721,0.7979043732370649,0.7992082099233355
722,0.7982930636405945,0.7993199268749783
723,0.8017174434661866,0.8000621307918004
724,0.7988934206962586,0.7998066257749286
725,0.7997717281750271,0.7993160058430264
726,0.8014672694887434,0.8000285850933622
727,0.7963823802130563,0.7996464484078545
728,0.7972853088378906,0.7987600214821953
729,0.7940079178128924,0.7977829209055219
730,0.7956143597194126,0.796951447214399
731,0.7982135231154306,0.7963006979397366
732,0.7945834490231105,0.7959409117017474
733,0.8008736896514893,0.7966585878644672
734,0.8008469833646502,0.7980264009748188
735,0.7966034817695617,0.7982242253848485
736,0.7989337229728699,0.7983682653563364
737,0.7996740886143275,0.7993863932745798
738,0.7998277374676296,0.7991772028378079
739,0.7981263436589923,0.7986330748966763
740,0.8002870896884373,0.7993697964804514
741,0.8008384353773934,0.7997507389613561
742,0.7961406186648777,0.7990440449714661
743,0.794295802456992,0.7979376579693387
744,0.7999170667784554,0.7982958025932313
745,0.7981083141054426,0.7978600474766322
746,0.7949954993384225,0.7966914602688382
747,0.7972349071502686,0.7969103179659164
748,0.798576431615012,0.7977664437975203
749,0.7979722499847413,0.7973774804387775
750,0.7961968098367963,0.7969951795850483
751,0.8009286069869995,0.7981818011147636
752,0.8006855174473354,0.798871923174177
753,0.7988472083636693,0.7989260785239084
754,0.7976578538758414,0.7988631993021285
755,0.7975195721217564,0.7991277517591205
756,0.7945155647822789,0.7978451433181764
757,0.7940540044648307,0.7965188407216754
758,0.8007773617335728,0.7969048713956561
759,0.7985057541302272,0.7970744514465332
760,0.7992156372751509,0.7974136644772121
761,0.7990061569213868,0.7983117829050337
762,0.7951093319484166,0.7985228484017508
763,0.799125361101968,0.7981924482754299
764,0.7964139298030308,0.7977740834099906
765,0.7965624560628618,0.7972434471675328
766,0.7988681844302586,0.7972158526693073
767,0.7935134145191738,0.7968966691834587
768,0.7972637731688363,0.7965243515968324
769,0.8004667592048645,0.7973349174771992
770,0.7978117527280535,0.7975847768102374
771,0.7982189229556492,0.7974549245153155
772,0.7992145013809204,0.7985951418876649
773,0.7973695598329816,0.7986162992204939
774,0.7983865935461861,0.7982002660887582
775,0.7992518768991743,0.7984882909229822
776,0.7970930906704494,0.7982631244659424
777,0.7980749661581857,0.7980352174213955
778,0.7950357396262032,0.7975684533800398
779,0.799282511302403,0.7977476369312833
780,0.7982427682195391,0.7975458151953562
781,0.7992242874417986,0.797972054549626
782,0.7988303855487279,0.7981231384277344
783,0.7973453647749764,0.7985850634574891
784,0.7959154214177813,0.7979116454805646
785,0.7959122763361249,0.7974455471038818
786,0.796662700176239,0.79693322965077
787,0.7966404403959002,0.7964952406202044
788,0.7977971751349313,0.7965856026921954
789,0.7956009231294905,0.7965227030345372
790,0.7973799746377127,0.7968162426948548
791,0.7955928707122802,0.7966022768020631
792,0.7975078412464687,0.7967757569721767
793,0.7977790008272444,0.7967721221106394
794,0.7956027129718236,0.796772480079106
795,0.7930984088352748,0.7959161669186184
796,0.7973110563414437,0.7962598040444511
797,0.7982297188895089,0.7964041795730591
798,0.7948897167614528,0.7958263227599007
799,0.7949372151919774,0.7956932232039315
800,0.7955541672025408,0.7961843748773847
801,0.797538355418614,0.7962298346928187
802,0.7946488237380982,0.7955136556625366
803,0.8007774356433324,0.7966911994389125
804,0.8001024191720145,0.7977242402349201
805,0.7977073618343898,0.7981548791612898
806,0.7955055505888803,0.7977483181953431
807,0.7977571497644697,0.7983699834006174
808,0.7992490145138332,0.7980642991747176
809,0.7949910497665406,0.7970420252936228
810,0.798826287473951,0.797265810421535
811,0.7955451171738761,0.7972737237385341
812,0.7938287660053798,0.7964880469867162
813,0.7963298927034651,0.7959042226246426
814,0.7964176041739327,0.796189533506121
815,0.7976128925595964,0.7959468545232501
816,0.7957098977906364,0.7959798106466022
817,0.799966549873352,0.7972073674201966
818,0.7962515527861459,0.7971916994367327
819,0.7994522803170341,0.797798634665353
820,0.7931417400496347,0.7969044041633606
821,0.7983402786936079,0.7974304803439549
822,0.7944635554722377,0.7963298814637321
823,0.7954696600777762,0.7961735029220581
824,0.7990688579423088,0.7960968184471131
825,0.7969065529959543,0.796849781036377
826,0.8000700119563512,0.7971957276889258
827,0.7970466695513044,0.797712350504739
828,0.7980187944003514,0.798222177369254
829,0.7988746060643878,0.7981833269936698
830,0.7969244466509138,0.7981869057246618
831,0.7967196100098746,0.7975168253353664
832,0.7968063024112156,0.7974687519073487
833,0.7967160647256034,0.797208205972399
834,0.7947785520553589,0.7963889951705934
835,0.8017003849574498,0.7973441828319006
836,0.7961845677239554,0.7972371743747168
837,0.7953436984334673,0.796944653579167
838,0.7950383911814008,0.7966091188703265
839,0.8005704716273716,0.797767502784729
840,0.7933135952268328,0.7960901448386055
841,0.7967777592795235,0.7962087831497193
842,0.7981245425769261,0.796764951978411
843,0.7998686024120876,0.7977309942245484
844,0.7948869371414184,0.7965942873273578
845,0.7981755719866072,0.7975666826793127
846,0.7956544651303973,0.7973420238494875
847,0.7986499013219561,0.7974470955984934
848,0.7972850956235613,0.7969303942407882
849,0.7936616335596357,0.7966853335244315
850,0.7971010913167681,0.7964704373904637
851,0.7972506019047328,0.796789664745331
852,0.797191744531904,0.7964980333873204
853,0.8000158177103315,0.7970441778046745
854,0.7969075155258178,0.797693354197911
855,0.792603885446276,0.7967939130238124
856,0.7926323049409049,0.7958702536310469
857,0.7981689868654523,0.7960657020977565
858,0.7978314845902579,0.7956288354737419
859,0.796274037361145,0.7955021398408072
860,0.7980953410693578,0.7966004309654235
861,0.7927556674821036,0.7966251034736633
862,0.7977986022404262,0.7965510265486582
863,0.7975549970354353,0.7964957290376937
864,0.7986027911731175,0.7969614798000881
865,0.7923200055531093,0.7958064126968384
866,0.7955325821467808,0.7963617956297738
867,0.7976826991353716,0.796338615008763
868,0.7948853278160095,0.7958046811648778
869,0.7958139726093837,0.795246917452131
870,0.796230457850865,0.7960290079116822
871,0.7938967946597508,0.7957018504142761
872,0.7992181205749511,0.796008934702192
873,0.7950614312716893,0.796044155393328
874,0.796029019015176,0.7960871646744864
875,0.7941369227000645,0.7956684576443263
876,0.7954662833895002,0.7959823553902763
877,0.7960033208983285,0.7953393954549518
878,0.7984031401361738,0.7960077372278487
879,0.7965489639554705,0.7961117262159075
880,0.7964019625527519,0.796564734186445
881,0.7934586119651794,0.7961631999015808
882,0.7988200848443168,0.7967265526907784
883,0.802650385243552,0.7975760017122542
884,0.7957483649253845,0.7974158819062368
885,0.801106516293117,0.7983567926543099
886,0.7953527889932905,0.7987356280599321
887,0.7960786209787641,0.7981873352868216
888,0.7966653289113725,0.7969903240203857
889,0.7944724120412554,0.7967351334435601
890,0.7927830696105957,0.7950704441070557
891,0.7915940451622009,0.7943186953408379
892,0.7976381710597447,0.7946306053570339
893,0.7949786567687989,0.7942932709285192
894,0.8023032024928501,0.7958594290188381
895,0.7988964145524161,0.7970820980072022
896,0.794559473991394,0.7976751837730408
897,0.796604402065277,0.7974684299741472
898,0.7922535075460162,0.7969234001295907
899,0.7991465755871364,0.7962920747484481
900,0.795552842617035,0.7956233603613718
901,0.7975202645574297,0.7962155184745789
902,0.7930017832347325,0.79549499470847
903,0.7958036041259766,0.7962050140244621
904,0.7960252584729876,0.7955807506016324
905,0.8026393733705793,0.7969980567523411
906,0.7982917659623282,0.7971523570333209
907,0.7913486460277013,0.7968217295919147
908,0.7953521973746164,0.7967314482416427
909,0.7970709831374032,0.7969405931745258
910,0.7957958132880074,0.7955718811580115
911,0.7956158764021737,0.7950367032459804
912,0.7971963105882918,0.7962062361580986
913,0.7947893132482257,0.7960936593328204
914,0.8016995644569397,0.7970193755967276
915,0.7940169388907297,0.7966636007172722
916,0.7957778525352478,0.796695995943887
917,0.7945458923067366,0.7961659122875759
918,0.7981109826905387,0.7968302461760385
919,0.7944133969715663,0.7953730126789638
920,0.7970154050418309,0.7959727059091841
921,0.7918255472183228,0.7951822448457991
922,0.7958230376243591,0.7954376739093236
923,0.7962746708733695,0.7950704115458898
924,0.7942836308479309,0.7950444583211627
925,0.7960275394575936,0.7948468852043152
926,0.7916548149926322,0.7948127387591771
927,0.7943624629293169,0.7945206238201687
928,0.7963028584207807,0.7945262613296509
929,0.7990999337605068,0.7954895219121662
930,0.7984628578594752,0.7959765855925425
931,0.7938713199751718,0.7964198865890504
932,0.7976186524118696,0.7970711244855608
933,0.7954633522033692,0.7969032232420786
934,0.7980983144896371,0.7967028993879046
935,0.7932949151311602,0.7956693108422416
936,0.7937249435697283,0.7956400355611529
937,0.7965635112353734,0.7954290073258538
938,0.7949752467019218,0.7953313862255642
939,0.7960596707889012,0.794923657485417
940,0.7978547300611224,0.7958356204714094
941,0.7976391087259566,0.7966184535026551
942,0.7942282772064209,0.7961514066968646
943,0.7946248991148812,0.7960813371794565
944,0.7975545062337603,0.7963803042684283
945,0.791072404725211,0.795023839201246
946,0.7991425347328186,0.7953245244026184
947,0.7940644185883659,0.7952917526790074
948,0.795672539642879,0.7955012807846069
949,0.7963440799713135,0.7952591955321177
950,0.7976879749979292,0.7965823095866613
951,0.7965039532525199,0.7960545932906015
952,0.797044483593532,0.7966506062916348
953,0.79908953836986,0.7973340060370309
954,0.7973751040867397,0.7975402108601162
955,0.7942037878717695,0.7968433734348842
956,0.800165228162493,0.7975756284168789
957,0.7985652204922268,0.7978797757966178
958,0.7938701912334987,0.7968359063693456
959,0.7968134420258658,0.7967235739571709
960,0.7948678524153573,0.7968563868658884
961,0.7961955268042428,0.7960624465942383
962,0.7912957654680525,0.7946085555894035
963,0.7950036951473781,0.7948352563721794
964,0.7930713609286717,0.7940868401527404
965,0.7938860188211714,0.7938904734339034
966,0.7959796558107649,0.7938472992352078
967,0.7961568972042629,0.79481952558245
968,0.7974944632393973,0.7953176792008538
969,0.7967141045842852,0.7960462279319764
970,0.7945640482221331,0.7961818338121688
971,0.794262251513345,0.7958383529526848
972,0.795796799319131,0.7957663333756584
973,0.7963884813444955,0.7955451369966781
974,0.7985480008806501,0.7959119162559509
975,0.7924029660224915,0.7954796998160227
976,0.7968036961555481,0.7959879887444632
977,0.7981609746388026,0.7964608238083977
978,0.7982592003686088,0.7968349676132204
979,0.8002070188522339,0.797166771207537
980,0.7977398334230695,0.7982341446876527
981,0.7955868979862758,0.7979907850537982
982,0.7964920043945313,0.7976569910049438
983,0.7961340335437229,0.7972319576399667
984,0.7965386523519243,0.7964982843399047
985,0.7965248060226441,0.7962552788598197
986,0.7942092234747751,0.7959797439575196
987,0.7993348387309483,0.796548310824803
988,0.796909578868321,0.7967034198897226
989,0.7971321412495205,0.7968221176692418
990,0.7953351650919233,0.7965841894830977
991,0.7914069022451128,0.7960237252371654
992,0.7998265634264264,0.7961220701762608
993,0.795096367767879,0.7957594279561724
994,0.7942612351690019,0.7951852467400687
995,0.7970449771199908,0.7955272091456822
996,0.7910406075205122,0.7954539502007621
997,0.7964128085545131,0.7947711992263795
998,0.798198914868491,0.7953917086465019
999,0.7964371653965542,0.7958268946920123
1000,0.79713479246412,0.7958448577608381
1001,0.794631610257285,0.7965630583081926
1002,0.7951733149800981,0.7963151595933097
1003,0.7917834867749896,0.7950320739746095
1004,0.7974890072005135,0.7952424423354013
1005,0.7936261854852948,0.7945407209396363
1006,0.7930122324398585,0.794216845376151
1007,0.7976442766189575,0.7947110377039228
1008,0.7965125649315971,0.7956568533352444
1009,0.7963571425846645,0.7954304804120745
1010,0.7971630488123213,0.7961378530774799
1011,0.794029393196106,0.7963412852287293
1012,0.7923512278284346,0.7952826754706247
1013,0.7936357423237392,0.7947073109490532
1014,0.7922174201692853,0.7938793664659773
1015,0.7970533885274614,0.7938574344090055
1016,0.7970836019515991,0.7944682761601041
1017,0.7992810119901385,0.7958542329924447
1018,0.7941200116702488,0.7959510868617468
1019,0.7927821384157453,0.7960640305110387
1020,0.7962170195579529,0.7958967567171369
1021,0.7932195632798331,0.7951239489827837
1022,0.7935835569245475,0.7939844579696655
1023,0.7949302908352444,0.7941465138026648
1024,0.7979416138785226,0.7951784088952202
1025,0.7946621489524841,0.7948674347741265
1026,0.7970960358210972,0.7956427292823792
1027,0.7925103116035461,0.795428080218179
1028,0.7931291484832763,0.7950678517477853
1029,0.795659180028098,0.7946113649777004
1030,0.7956744916098458,0.7948138335091728
1031,0.7962655108315604,0.7946477285112653
1032,0.7924628969601223,0.7946382455825806
1033,0.7930807147707258,0.7946285588400704
1034,0.7981027340888978,0.7951172696522305
1035,0.7949341630935669,0.7949692039489746
1036,0.7957389899662562,0.7948638997759139
1037,0.7917946863174439,0.7947302576473783
1038,0.7925655606814793,0.7946272268295289
1039,0.7941849034173148,0.7938436606952123
1040,0.7924187336649213,0.7933405748094832
1041,0.7944721460342408,0.79308720602308
1042,0.7926527377537319,0.7932588163103376
1043,0.795240980557033,0.7937939002854484
1044,0.7963911873953683,0.7942351570810591
1045,0.7923861510413034,0.7942286405563355
1046,0.7989562371798924,0.7951254587854658
1047,0.799778185912541,0.7965505484172277
1048,0.7945605274609157,0.7964144577980041
1049,0.8013711728368487,0.7974104548863004
1050,0.7937700888088771,0.797687242439815
1051,0.7984455626351493,0.7975851075308664
1052,0.7942623598234994,0.7964819423130581
1053,0.7997390127182007,0.7975176393645151
1054,0.7948250845500401,0.7962084217071534
1055,0.7962310229028974,0.7967006085259575
1056,0.7931904506683349,0.7956495861325945
1057,0.7959613636561802,0.7959893868991307
1058,0.7939671730995178,0.7948350189753941
1059,0.7949476861953735,0.7948595393044608
1060,0.7957418046678816,0.7947616956574577
1061,0.7928504538536072,0.7946936962945121
1062,0.793625306061336,0.7942264847755434
1063,0.7940824246406555,0.7942495350837708
1064,0.795111415045602,0.7942822808538166
1065,0.7932517749922616,0.7937842749186925
1066,0.7933187389373779,0.7938779319354466
1067,0.7930119020598275,0.793755251135145
1068,0.7962979861668178,0.7941983634403774
1069,0.7947063500540598,0.794117350442069
1070,0.7978390090806143,0.7950347972597395
1071,0.7935413847650801,0.7950793264252799
1072,0.7999241975375584,0.796461785520826
1073,0.7999542372567313,0.7971930357388088
1074,0.7967415959494455,0.797600084917886
1075,0.7952129408291408,0.7970748712675912
1076,0.793120880808149,0.7969907704762051
1077,0.7956675045830863,0.7961394318853107
1078,0.7987868540627616,0.7959059552465167
1079,0.7940553004401071,0.7953686961446491
1080,0.7923348890032087,0.7947930857794627
1081,0.7959837624004908,0.795365662097931
1082,0.7948442442076546,0.7952010100228447
1083,0.7915302460534231,0.7937496884209769
1084,0.7920928450993129,0.7933571973528181
1085,0.7951962123598372,0.7939294620241438
1086,0.7916637788500105,0.7930654653140476
1087,0.7952512211459024,0.7931468607016973
1088,0.793912616457258,0.7936233347824643
1089,0.793951038973672,0.7939949735573361
1090,0.7941951039859226,0.7937947518825532
1091,0.7965562500272478,0.7947732461180005
1092,0.7968747976848057,0.7950979614257813
1093,0.798928872517177,0.7961012126377651
1094,0.7950290329115731,0.7963168114253454
1095,0.7918362876347133,0.7958450481551035
1096,0.795239588192531,0.7955817157881602
1097,0.7991921084267752,0.796045177936554
1098,0.79500531741551,0.7952604669162207
1099,0.7944613688332693,0.7951469341005599
1100,0.795277099609375,0.7958350964954921
1101,0.7930691586221967,0.7954010105814252
1102,0.795806542464665,0.7947238973890032
1103,0.7975242727143423,0.7952276884487697
1104,0.7965638436589922,0.7956481834139142
1105,0.7942643199648176,0.7954456274850028
1106,0.7941462775639125,0.795661051273346
1107,0.7955591198376247,0.7956115667479379
1108,0.7981499440329416,0.7957367010116577
1109,0.8009076121875218,0.7966054547173637
1110,0.7967374992370605,0.7971000905718123
1111,0.7974147248268127,0.7977537800243923
1112,0.7966557175772531,0.797973099572318
1113,0.7975533982685634,0.7978537904194424
1114,0.7984880862917219,0.7973698852402824
1115,0.7918230073792594,0.7963869868687221
1116,0.7924091284615653,0.7953858675956726
1117,0.7932778682027545,0.794710297720773
1118,0.7879525991848537,0.792790137904031
1119,0.7982893695150103,0.7927503945486887
1120,0.7972588348388672,0.7938375600406102
1121,0.7936684073720659,0.7940894158227103
1122,0.7941585373878479,0.7942655496597291
1123,0.7968323925563268,0.7960415083340238
1124,0.7951435944012233,0.7954123533112663
1125,0.7988478670801435,0.7957301597595214
1126,0.794488103730338,0.7958940990311759
1127,0.7961772029740469,0.7962978321484158
1128,0.7945511167390006,0.7958415769849505
1129,0.7968533515930176,0.7961835284233094
1130,0.7948614910670689,0.7953862532206946
1131,0.7985464457103184,0.7961979216166906
1132,0.7956175201279776,0.7960859850474766
1133,0.7925405754361834,0.7956838767869132
1134,0.7957688614300319,0.795466978754316
1135,0.7975368554251535,0.796002051625933
1136,0.7954159324509756,0.7953759489740644
1137,0.7965077550070626,0.7955539959498815
1138,0.7962258587564741,0.7962910526139396
1139,0.7934867293494088,0.7958346261978149
1140,0.7936452981403895,0.7950563147408622
1141,0.7919722257341657,0.7943675733975002
1142,0.7913025801522391,0.7933265384265356
1143,0.7971216450418744,0.7935056956836156
1144,0.7949736271585737,0.7938030752454486
1145,0.793069110597883,0.7936878377369473
1146,0.7968652125767299,0.7946664351054601
1147,0.7964939652170454,0.7957047121184214
1148,0.7951171125684465,0.7953038056237358
1149,0.7931146138054984,0.7949320029531207
1150,0.798365604196276,0.7959913016727993
1151,0.7963154636110579,0.7958813518796649
1152,0.7916968815667289,0.7949219351496016
1153,0.7934847256115505,0.7945954577582225
1154,0.7930739661625453,0.7945873282296319
1155,0.7970649927003043,0.7943272059304374
1156,0.7937246056965419,0.7938090343475342
1157,0.7948940985543387,0.7944484777450562
1158,0.7966360780170986,0.7950787482261659
1159,0.7940972825459072,0.7952834115028382
1160,0.7967362570762634,0.79521766437803
1161,0.793861232825688,0.7952449898038592
1162,0.7962887494904655,0.7955239199910846
1163,0.7905882804734367,0.7943143604823522
1164,0.794775379385267,0.7944499798502241
1165,0.7893798453467232,0.792978697504316
1166,0.7967224795477731,0.7935509468487332
1167,0.7947253922053746,0.793238275391715
1168,0.7950868793896266,0.7941379951749529
1169,0.7985376487459456,0.7948904490470886
1170,0.7926543256214686,0.7955453451020377
1171,0.7975118412290301,0.7957032174382891
1172,0.793063074520656,0.7953707539013454
1173,0.793791276046208,0.7951116332326617
1174,0.7928983197893416,0.7939837674413408
1175,0.7973536321095058,0.7949236287389484
1176,0.7963280466624668,0.7946868698256357
1177,0.7902389352662222,0.794122041974749
1178,0.7951035881042481,0.7943845043863569
1179,0.7965993584905352,0.7951247121265956
1180,0.797370468207768,0.7951280793462482
1181,0.7978182482719421,0.7954261196681431
1182,0.7933656546047756,0.7960514635358539
1183,0.7936817778859819,0.7957671014922005
1184,0.7927733492851258,0.7950018996511187
1185,0.7960587103026254,0.7947395480700902
1186,0.791277871131897,0.7934314726420811
1187,0.7948588722092764,0.7937301161629813
1188,0.7935737568991524,0.7937085119656154
1189,0.7936501475742885,0.793883871623448
1190,0.7968926456996372,0.7940506587028503
1191,0.7949792286327907,0.794790930203029
1192,0.7899759517397199,0.7938143461091177
1193,0.7945484328269958,0.7940092812946864
1194,0.7977946390424456,0.7948381795883178
1195,0.7979644128254482,0.7950525330134801
1196,0.7969329507010323,0.7954432774271284
1197,0.7937264517375401,0.7961933774266925
1198,0.7933815782410758,0.7959600065095085
1199,0.7946074431283133,0.795322567326682
1200,0.7949899295398167,0.7947276706695556
1201,0.7931790014675685,0.7939768808228629
1202,0.7942686114992414,0.7940853127752032
1203,0.7948212453297206,0.7943732461929323
1204,0.7944876350675311,0.7943492845807758
1205,0.7997039345332554,0.7952920855794634
1206,0.7941182146753584,0.7954799282210214
1207,0.7911029740742275,0.7948468007360187
1208,0.7944003299304417,0.794762617656163
1209,0.7960516885348728,0.7950754283496312
1210,0.7931966890607561,0.7937739792551314
1211,0.7949310108593532,0.7939365384919304
1212,0.7953568635668073,0.7947873163904463
1213,0.7913308041436332,0.7941734112330846
1214,0.7932064291409083,0.7936043593542917
1215,0.7912346390315464,0.7932119493484499
1216,0.7989925054141453,0.7940242482594083
1217,0.7934614048685347,0.7936451565197536
1218,0.7966172310284206,0.7947024418967111
1219,0.7977852126530238,0.7956181985991343
1220,0.7956503946440561,0.7965013497216362
1221,0.7961364688192095,0.795930142402649
1222,0.797013440813337,0.7966405495916096
1223,0.7928105350903102,0.7958792104039875
1224,0.7967567055565971,0.7956735089847021
1225,0.7948420834541321,0.7955118467467173
1226,0.7939549647058759,0.7950755459240505
1227,0.7929771753719875,0.7942682928357806
1228,0.7995176434516906,0.7956097145080567
1229,0.7956021356582642,0.7953788005283902
1230,0.7947684274400983,0.7953640693255833
1231,0.7910146733692714,0.7947760110582625
1232,0.7938883573668344,0.7949582474572319
1233,0.7916578088487898,0.7933862805366516
1234,0.7912049896376474,0.7925068513325282
1235,0.7918568100248065,0.7919245278494699
1236,0.7960707088879176,0.7929357349531991
1237,0.7945740951810565,0.7930728825160436
1238,0.7959459209442139,0.7939305049351284
1239,0.7922865302222115,0.7941468130520412
1240,0.7968659353256226,0.7951486381122044
1241,0.7935615750721523,0.7946468113490514
1242,0.7921798712866647,0.794167966570173
1243,0.7957594789777483,0.7941306781768799
1244,0.7890810264859881,0.7934895774296352
1245,0.7927617229734149,0.7926687349591937
1246,0.7934335650716509,0.7926431329590933
1247,0.7959677931240626,0.793400717326573
1248,0.7946673621450152,0.7931822939600264
1249,0.7974881996427263,0.794863728591374
1250,0.794073303427015,0.795126044682094
1251,0.7941841210637773,0.7952761558805194
1252,0.793083131313324,0.7946992235183715
1253,0.7924289155006409,0.7942515341894968
1254,0.7947524203572954,0.7937043783324105
1255,0.7934115294047764,0.7935720235279629
1256,0.7966406461170742,0.7940633285386223
1257,0.7992356664793832,0.7952938355718341
1258,0.7954157618113926,0.7958912048339845
1259,0.7951166548047747,0.7959640517234803
1260,0.7951714832442147,0.796316042491368
1261,0.7957061873163496,0.7961291507312229
1262,0.7943006270272391,0.7951421428407941
1263,0.7938623329571315,0.794831457069942
1264,0.7971555699620928,0.7952392401014056
1265,0.7941842000825065,0.795041783469064
1266,0.7931530605043684,0.7945311581066677
1267,0.7955812627928598,0.7947872852597919
1268,0.7921825531550816,0.794451329299382
1269,0.7949309863362993,0.7940064125742232
1270,0.7948108666283744,0.7941317458833967
1271,0.7945982592446463,0.7944207856314524
1272,0.7931096635546003,0.7939264657838004
1273,0.7968441666875566,0.7948587884902956
1274,0.7949150262560163,0.7948555964742389
1275,0.7924894247736249,0.794391308103289
1276,0.7935287502833775,0.7941774063110352
1277,0.797010350227356,0.7949575436455865
1278,0.796434736592429,0.7948756576265609
1279,0.7957715582847595,0.7950469640323095
1280,0.7908596263613019,0.7947210043498449
1281,0.7944503484453473,0.7949053239822389
1282,0.7985543707438878,0.7952141280855453
1283,0.7952148730414255,0.7949701553753445
1284,0.7927101704052516,0.7943578777994429
1285,0.7891233314786639,0.7940106188229152
1286,0.7931546902656555,0.793751487186977
1287,0.7918827288491386,0.792417158808027
1288,0.7954951851708548,0.792473221233913
1289,0.795004049709865,0.7929319970948356
1290,0.7968081750188555,0.794468965802874
1291,0.797546101638249,0.7953472480773927
1292,0.7914082479476928,0.7952523518971035
1293,0.7946804680143084,0.7950894084657941
1294,0.7913647733415876,0.7943615531921386
1295,0.7920580301965986,0.7934115242276873
1296,0.7967040218625749,0.7932431082725525
1297,0.7973497710909162,0.7944314129011971
1298,0.7957980874606542,0.7946549367904663
1299,0.797777989591871,0.7959375800405231
1300,0.787520455973489,0.7950300651959011
1301,0.7985266464097159,0.7953945901053292
1302,0.7926873496600559,0.7944621058191572
1303,0.7947745483262199,0.7942573979922704
1304,0.7956697314126151,0.7938357463564192
1305,0.791309209891728,0.7945934971400669
1306,0.7943271575655256,0.793753599371229
1307,0.7964072983605521,0.7944975891113282
1308,0.7909635012490409,0.7937353796958926
1309,0.7934280208178929,0.793287037576948
1310,0.7952260780334472,0.7940704112052919
1311,0.7900952890941075,0.7932240375110082
1312,0.7953721693583897,0.7930170117105757
1313,0.795865136214665,0.7939973387037006
1314,0.800839409487588,0.7954796164376396
1315,0.7971302471842084,0.7958604502677918
1316,0.7948207715579442,0.7968055467605591
1317,0.7927625601632254,0.7962836249215263
1318,0.7898160369055611,0.7950738050597055
1319,0.799578126498631,0.7948215484619141
1320,0.7936389357703073,0.7941232861791339
1321,0.7964253211021424,0.7944441960879736
1322,0.7980505411965506,0.7955017922946385
1323,0.7908557111876352,0.7957097271510534
1324,0.7908732608386448,0.7939687540190561
1325,0.793524214540209,0.7939458097730365
1326,0.7956962987354823,0.7938000052997043
1327,0.7905691545350211,0.7923037279673986
1328,0.794557569708143,0.7930440996715001
1329,0.7936649962833949,0.7936024467604501
1330,0.7980128036226545,0.7945001645769393
1331,0.7897829229491098,0.7933174894196647
1332,0.7948074640546526,0.794165151323591
1333,0.7937103029659817,0.7939956979751588
1334,0.7939995418276106,0.7940626070840019
1335,0.795561900479453,0.7935724264553615
1336,0.7934953563553946,0.7943149131366185
1337,0.7943855295862471,0.7942305262429374
1338,0.7926449595178877,0.7940174575533188
1339,0.7997033044270107,0.7951582100731986
1340,0.7977464733804975,0.7955951246534076
1341,0.7934228110313416,0.795580615588597
1342,0.79581351348332,0.7958662123680116
1343,0.7900898466791425,0.7953551898002624
1344,0.7921660028185163,0.7938477294785635
1345,0.7922412354605538,0.792746681894575
1346,0.79089423928942,0.7922409675461907
1347,0.7955644427027021,0.7921911533900671
1348,0.7892786404064723,0.792028912135533
1349,0.7951449247768947,0.7926246965272087
1350,0.795033312865666,0.7931831120082311
1351,0.7953613376617432,0.7940765316826957
1352,0.7956590529850551,0.7940954537391662
1353,0.7977541991642543,0.7957905654907228
1354,0.7962249006543841,0.7960065606662207
1355,0.7953355765342712,0.7960670133999417
1356,0.7942131461415972,0.7958373750959125
1357,0.7961153527668544,0.7959286350522724
1358,0.7971853154046195,0.7958148583003454
1359,0.7960102977071489,0.7957719377108983
1360,0.7949011884416852,0.7956850600923812
1361,0.7958122032029288,0.7960048715046475
1362,0.796563983644758,0.796094597680228
1363,0.7924654388427734,0.7951506223678588
1364,0.793755350794111,0.7946996329852514
1365,0.7957217676298959,0.7948637488228935
1366,0.7927144026756286,0.7942441887174335
1367,0.794323491368975,0.7937960902622769
1368,0.7959124990871974,0.7944855023111617
1369,0.7935257680075509,0.7944395857538497
1370,0.7901250304494585,0.7933202383177621
1371,0.7972400178228106,0.7942253613471985
1372,0.7932533649035862,0.7940113360541207
1373,0.7937011122703552,0.7935690586907523
1374,0.7930761671066284,0.7934791385105677
1375,0.7928022885322571,0.7940145901271275
1376,0.7913912585803441,0.7928448382786342
1377,0.7955024204935346,0.7932946493966239
1378,0.7917331688744681,0.7929010607174465
1379,0.7889055350848607,0.7920669343130929
1380,0.7923086169787815,0.7919682000023978
1381,0.7984138972418648,0.7933727277347019
1382,0.7907543301582336,0.7924231096676418
1383,0.79499475308827,0.7930754265104022
1384,0.79712035042899,0.794718389579228
1385,0.7952805726868766,0.795312780720847
1386,0.7944921718324933,0.7945284356389727
1387,0.7944298189026969,0.7952635333878655
1388,0.7937714542661395,0.7950188736234394
1389,0.7946220326423645,0.7945192100661143
1390,0.7956219594819205,0.7945874874251231
1391,0.7947380682400295,0.7946366667066302
1392,0.7931958256449019,0.7943898680550713
1393,0.8006032626969474,0.7957562297412327
1394,0.795959883076804,0.7960237998281207
1395,0.7902789010320391,0.7949551881381444
1396,0.7959916635922023,0.7952059072085791
1397,0.7938487001827785,0.7953364821161544
1398,0.7991567955698285,0.7950471886907305
1399,0.790700182233538,0.7939952485220774
1400,0.7950534510612488,0.7949501585279193
1401,0.7939359143802098,0.7945390086855209
1402,0.7926645500319345,0.794302178655352
1403,0.7956806795937674,0.7936069554601398
1404,0.7957717990875244,0.7946212788309371
1405,0.7908789988926479,0.7937863883972169
1406,0.7900431350299291,0.7930078325271608
1407,0.7990841027668544,0.7942917430741446
1408,0.79225330386843,0.7936062679290772
1409,0.7912197116443089,0.792695850440434
1410,0.7971879240444728,0.793957635470799
1411,0.7912673476764134,0.7942024780000958
1412,0.7966367534228733,0.7937130081312997
1413,0.790638358592987,0.7933900190762112
1414,0.7918373233931405,0.7935135414259775
1415,0.7944621774128505,0.792968392099653
1416,0.7945341961724418,0.7936217617988587
1417,0.7908721239226205,0.7924688358988081
1418,0.7907742217608861,0.7924960085323879
1419,0.7913911363056728,0.7924067711148944
1420,0.7905218720436096,0.7916187100410462
1421,0.7947693303653172,0.7916657368796214
1422,0.7905069627080645,0.79159270463671
1423,0.794742181301117,0.7923862965447563
1424,0.7934845164843968,0.7928049725805011
1425,0.7949990010261536,0.7937003983770099
1426,0.7960969052995954,0.7939659133638655
1427,0.7926179228510175,0.7943881053924561
1428,0.7904149467604501,0.7935226584843227
1429,0.7981948934282576,0.794464733873095
1430,0.7949133862767901,0.7944476109232221
1431,0.7960604654039656,0.7944403229440962
1432,0.7917327431270055,0.7942632869992938
1433,0.7928619027137757,0.7947526781899589
1434,0.7919646883010865,0.7935066371645247
1435,0.7944043125425067,0.793404822417668
1436,0.7934519464629037,0.7928831186294556
1437,0.792051626614162,0.7929468953268869
1438,0.7927891969680786,0.7929323541777475
1439,0.7948451733589172,0.7935084511893137
1440,0.7895898400034224,0.7925455566814968
1441,0.793525915486472,0.7925603504862105
1442,0.7912090563774109,0.7923918364388602
1443,0.7923886128834315,0.7923117196219309
1444,0.794367207799639,0.7922161265100752
1445,0.7923723656790597,0.7927726316452027
1446,0.7931334846360343,0.7926941454751152
1447,0.794023826122284,0.7932570994240897
1448,0.7985086107254028,0.7944810989924841
1449,0.7910162462506976,0.7938109066826957
1450,0.7962732948575701,0.7945910925183978
1451,0.7901849392482213,0.7940013834408352
1452,0.7929415076119559,0.7937849197387696
1453,0.7940402681486948,0.792891251223428
1454,0.7944272576059614,0.7935734534944807
1455,0.792582950932639,0.7928353847094944
1456,0.7902455043792724,0.7928474977357047
1457,0.7928949131284442,0.7928381788390023
1458,0.7927561606679644,0.7925813573428564
1459,0.7916695482390268,0.7920298154694694
1460,0.7908384854452951,0.7916809223720007
1461,0.789373231274741,0.7915064677510942
1462,0.7948606014251709,0.7918996054104397
1463,0.7954796508380345,0.7924443034444537
1464,0.7955835114206586,0.7932270960807801
1465,0.7930693837574551,0.7936732757432121
1466,0.7936470716340202,0.7945280438150679
1467,0.7956955453327724,0.7946950325965882
1468,0.793824165889195,0.7943639356068204
1469,0.7871523312159947,0.7926776995658875
1470,0.7957319395882743,0.7932102107320513
1471,0.7908696433476039,0.7926547250747682
1472,0.7898553504262652,0.7914866860934666
1473,0.7950578124182565,0.791733415399279
1474,0.7912561133929661,0.7925541718346732
1475,0.7920351025036403,0.7918148044177465
1476,0.7951096705027989,0.7926628098487855
1477,0.792387661593301,0.7931692720821927
1478,0.7918560818263463,0.7925289259638106
1479,0.7884354363168989,0.7919647905485971
1480,0.7911479241507394,0.791787354878017
1481,0.793091767515455,0.7913837742805483
1482,0.793170839377812,0.7915404098374504
1483,0.7905733813558306,0.7912838697433472
1484,0.7917656128747123,0.7919499050549099
1485,0.7931386661529541,0.7923480534553529
1486,0.7940382160459246,0.7925373431614469
1487,0.7952103127752032,0.792945237840925
1488,0.7925430277415685,0.7933391671180726
1489,0.794439560345241,0.7938739566121783
1490,0.7922320948328291,0.7936926423481533
1491,0.7895499052320207,0.7927949801853725
1492,0.7920146812711443,0.7921558538845608
1493,0.7931268906593323,0.7922726264681136
1494,0.7917363544872829,0.7917319852965219
1495,0.7918787911960057,0.7916613245691573
1496,0.7950605971472604,0.7927634629522051
1497,0.7921371868678502,0.7927879640715464
1498,0.7943240175928389,0.7930273894582477
1499,0.7925591312135969,0.7931919448035105
1500,0.7923869017192295,0.7932935669081553
1501,0.79455310855593,0.7931920691898892
1502,0.7942488653319223,0.7936144048827036
1503,0.7944392681121826,0.7936374549865723
1504,0.7955004930496216,0.7942257273537773
1505,0.789893171106066,0.7937269812311445
1506,0.7908758166858129,0.7929915228571212
1507,0.7957996133395604,0.7933016724586488
1508,0.7910861209460667,0.7926310430254255
1509,0.7928035323960441,0.7920916508947101
1510,0.792454262460981,0.792603869165693
1511,0.7949085327557155,0.7934104123796736
1512,0.7898846745491028,0.792227424621582
1513,0.7896973582676479,0.7919496720858983
1514,0.7904588045392718,0.7914807265145438
1515,0.7955713936260769,0.792104152747563
1516,0.7871904788698469,0.7905605419703894
1517,0.7973825894083295,0.7920601249422348
1518,0.7926679706573486,0.7926542474201748
1519,0.7894967998777117,0.7924618464878628
1520,0.7959589498383658,0.7925393577303206
1521,0.7996780238832746,0.7950368667330061
1522,0.792266469342368,0.7940136427198138
1523,0.7918523911067418,0.7938505268096925
1524,0.7916114377975464,0.7942734543936593
1525,0.79012526512146,0.7931067174502783
1526,0.7917384317943028,0.7915187990324838
1527,0.7952777392523629,0.7921210530144828
1528,0.7944874617031642,0.7926480671337673
1529,0.7875211885997228,0.7918300172942027
1530,0.7929705456324986,0.7923990733964104
1531,0.7930347871780395,0.7926583444731577
1532,0.7930982705524989,0.792222450733185
1533,0.7927173093387059,0.7918684202602932
1534,0.7932751396724156,0.7930192104748318
1535,0.7900106269972665,0.7924272267477854
1536,0.7940669178962707,0.7926336528914316
1537,0.7912437806810652,0.7922627549171448
1538,0.7956347213472639,0.7928462373188565
1539,0.7950968285969325,0.7932105751037599
1540,0.7902317653383527,0.793254802771977
1541,0.7908761024475097,0.7926166396822248
1542,0.7925536864144461,0.792878620828901
1543,0.7948685465540205,0.7927253858702523
1544,0.7936106348037719,0.7924281471116202
1545,0.7934260126522609,0.7930669965744018
1546,0.7920359696660723,0.7932989700181143
1547,0.7922332559313093,0.793234883921487
1548,0.791820548261915,0.7926252842630659
1549,0.791034961427961,0.7921101495879037
1550,0.7910625617844718,0.7916374594143459
1551,0.7901424632753644,0.7912587581362044
1552,0.7936047210012164,0.7915330511501858
1553,0.7936783756528581,0.7919046166283744
1554,0.7903844080652509,0.7917745059558324
1555,0.7934513534818377,0.7922522642953056
1556,0.7919283696583339,0.7926094455718995
1557,0.7900127043042864,0.7918910422325135
1558,0.7920111744744437,0.7915576019968307
1559,0.7927527110917227,0.792031262602125
1560,0.7947799250057765,0.7922969769069128
1561,0.7927252732004438,0.7924563576153347
1562,0.7962989960397993,0.7937136159624373
1563,0.7953109243937901,0.7943735659463066
1564,0.7912346942084176,0.7940699625696455
1565,0.7896027319771903,0.7930345239639283
1566,0.7936440280505589,0.7932182749339513
1567,0.792895440033504,0.7925375637326922
1568,0.7916780553545271,0.7918109899248397
1569,0.7938462049620492,0.792333292075566
1570,0.7900412532261439,0.7924209963253567
1571,0.7919129875728063,0.7920747882298063
1572,0.7972605013847351,0.7929478005000524
1573,0.790175324508122,0.7926472543307714
1574,0.7946850160190038,0.7928150165421624
1575,0.7902588670594352,0.7928585393088206
1576,0.7914256817953927,0.7927610781533379
1577,0.7940456717354911,0.792118112223489
1578,0.7918742316109794,0.7924578936440605
1579,0.7930371086938041,0.7921283121790206
1580,0.7951901044164386,0.7931145596504212
1581,0.7892814346722195,0.7926857102257866
1582,0.7900146780695234,0.7918795114925931
1583,0.7888947027070182,0.7912836057118007
1584,0.792646347454616,0.7912054534639632
1585,0.7954214756829397,0.7912517277172634
1586,0.7873532291821072,0.790866086619241
1587,0.7938901332446507,0.7916411776542664
1588,0.7935988923481533,0.7925820155824935
1589,0.7933563147272382,0.7927240090370179
1590,0.7914700739724295,0.7919337286949159
1591,0.793218709060124,0.7931068246705192
1592,0.7927376413345337,0.7928763262884958
1593,0.7938705086708069,0.7929306495530265
1594,0.7911414456367493,0.7924876757349287
1595,0.792471410887582,0.7926879431179592
1596,0.791502594266619,0.7923447201592582
1597,0.7886568801743644,0.7915285679272244
1598,0.7944578698703221,0.7916460401671274
1599,0.7926568293571472,0.791949116911207
1600,0.7918029356002808,0.7918154218537468
